[
{
    "model": "sessions.session",
    "pk": "vetardlxrf5pjt0ev6w4t7x4xj9m763v",
    "fields": {
        "session_data": "ZWFlOGU4M2U5Mjc3NjViMWFlNTAwMWIyZmM4YzRmNGVjOWNkYjBjMDp7Il9hdXRoX3VzZXJfaWQiOiIzIiwiX2F1dGhfdXNlcl9iYWNrZW5kIjoiZGphbmdvLmNvbnRyaWIuYXV0aC5iYWNrZW5kcy5Nb2RlbEJhY2tlbmQiLCJfYXV0aF91c2VyX2hhc2giOiI1OTM3OTg3NDI2ZDE5ZTk3NDNhMmQyZGIwYTZmYmEyMzI5NDJmZjBiIn0=",
        "expire_date": "2018-10-10T22:10:47.629Z"
    }
},
{
    "model": "sites.site",
    "pk": 5,
    "fields": {
        "domain": "example.com",
        "name": "example.com"
    }
},
{
    "model": "tickets.subject",
    "pk": 1,
    "fields": {
        "name": "Bug",
        "description": "<p>Add bugs here</p>"
    }
},
{
    "model": "tickets.subject",
    "pk": 2,
    "fields": {
        "name": "Feature",
        "description": "<p>Add Features here</p>"
    }
},
{
    "model": "accounts.user",
    "pk": 1,
    "fields": {
        "password": "pbkdf2_sha256$120000$OWKTf6RU6XnT$U/yoAvXWGuqt7exA5p2IwCH28muoLDUV2/SCshE9hvA=",
        "last_login": "2018-09-25T17:59:06.865Z",
        "is_superuser": true,
        "username": "admin@domain.com",
        "first_name": "",
        "last_name": "",
        "email": "admin@domain.com",
        "is_staff": true,
        "is_active": true,
        "date_joined": "2018-09-14T06:00:51.129Z",
        "stripe_id": "cus_DcqYqfYJKr3qZ9",
        "groups": [],
        "user_permissions": []
    }
},
{
    "model": "accounts.user",
    "pk": 2,
    "fields": {
        "password": "pbkdf2_sha256$120000$FLEU0mJqAcgi$lg//xNCg3dtdd0bJRWl4mDdj1YqS2A/88ZCPkQQjGWg=",
        "last_login": "2018-09-25T04:33:39.587Z",
        "is_superuser": false,
        "username": "user1@domain.com",
        "first_name": "",
        "last_name": "",
        "email": "user1@domain.com",
        "is_staff": false,
        "is_active": true,
        "date_joined": "2018-09-14T17:25:04.431Z",
        "stripe_id": "cus_DcqsbDln49pqjQ",
        "groups": [],
        "user_permissions": []
    }
},
{
    "model": "accounts.user",
    "pk": 3,
    "fields": {
        "password": "pbkdf2_sha256$120000$jbzibbo6fDZV$2O+eHQW+bYJa27cqS8BqZ0sO1IhQwPMiMwaiHMo6TuE=",
        "last_login": "2018-09-26T21:45:57.190Z",
        "is_superuser": false,
        "username": "user2@domain.com",
        "first_name": "",
        "last_name": "",
        "email": "user2@domain.com",
        "is_staff": false,
        "is_active": true,
        "date_joined": "2018-09-14T17:43:03.466Z",
        "stripe_id": "cus_Dcr9ybFzSqIE1G",
        "groups": [],
        "user_permissions": []
    }
},
{
    "model": "accounts.user",
    "pk": 4,
    "fields": {
        "password": "pbkdf2_sha256$120000$ZJYPGPnmEBdo$eTvHx7kjb9FFOFmzzYHvjBR/SqCH7FwNiiV4nUaq7Q8=",
        "last_login": "2018-09-18T21:37:46.690Z",
        "is_superuser": false,
        "username": "user4@domain.com",
        "first_name": "",
        "last_name": "",
        "email": "user4@domain.com",
        "is_staff": false,
        "is_active": true,
        "date_joined": "2018-09-18T21:37:37.052Z",
        "stripe_id": "",
        "groups": [],
        "user_permissions": []
    }
},
{
    "model": "accounts.user",
    "pk": 5,
    "fields": {
        "password": "pbkdf2_sha256$120000$w7klsTLoJJOd$YHdqVRvgptqf0UYS5hJDyvdA+x9EVYcFdLRHnMIQSyA=",
        "last_login": "2018-09-19T02:40:27.135Z",
        "is_superuser": false,
        "username": "fahd.r.khan@gmail.com",
        "first_name": "",
        "last_name": "",
        "email": "fahd.r.khan@gmail.com",
        "is_staff": false,
        "is_active": true,
        "date_joined": "2018-09-19T02:39:26.899Z",
        "stripe_id": "cus_DdC5icX30fvbWp",
        "groups": [],
        "user_permissions": []
    }
},
{
    "model": "accounts.user",
    "pk": 6,
    "fields": {
        "password": "pbkdf2_sha256$120000$Z6xJfLjyEpez$wbeU0+t58G4uZuDxS0Y3X5hQmcfqkshK/1SYgp3PffQ=",
        "last_login": null,
        "is_superuser": false,
        "username": "dev@asas.com",
        "first_name": "",
        "last_name": "",
        "email": "dev@asas.com",
        "is_staff": false,
        "is_active": true,
        "date_joined": "2018-09-19T03:10:40.185Z",
        "stripe_id": "",
        "groups": [],
        "user_permissions": []
    }
},
{
    "model": "accounts.user",
    "pk": 7,
    "fields": {
        "password": "pbkdf2_sha256$120000$IU40q6rNPkLZ$jKaPgZ0Z0BQhSYMr9BcjRThCPSrfU9FRSc6H+HA1Yis=",
        "last_login": "2018-09-19T03:11:51.645Z",
        "is_superuser": false,
        "username": "user12@domain.com",
        "first_name": "",
        "last_name": "",
        "email": "user12@domain.com",
        "is_staff": false,
        "is_active": true,
        "date_joined": "2018-09-19T03:11:38.610Z",
        "stripe_id": "cus_DdCWHqoOMFRB6H",
        "groups": [],
        "user_permissions": []
    }
},
{
    "model": "accounts.user",
    "pk": 8,
    "fields": {
        "password": "pbkdf2_sha256$120000$PE852Cy1bCwq$zFcFvLL3vFtNRbNHZ6u4QuE6qAEoeRW3Yg2fSzZAQTk=",
        "last_login": "2018-09-19T06:25:03.240Z",
        "is_superuser": false,
        "username": "user15@domain.com",
        "first_name": "",
        "last_name": "",
        "email": "user15@domain.com",
        "is_staff": false,
        "is_active": true,
        "date_joined": "2018-09-19T04:22:25.799Z",
        "stripe_id": "cus_DdGHYBqRAI0wmN",
        "groups": [],
        "user_permissions": []
    }
},
{
    "model": "accounts.user",
    "pk": 9,
    "fields": {
        "password": "pbkdf2_sha256$120000$vzQkYNriNYHU$mcwz4yQZOmMCxnjM+v6nVffgatQJv3VrtA64/2pZ0QE=",
        "last_login": "2018-09-19T04:29:41.321Z",
        "is_superuser": false,
        "username": "user16@domain.com",
        "first_name": "",
        "last_name": "",
        "email": "user16@domain.com",
        "is_staff": false,
        "is_active": true,
        "date_joined": "2018-09-19T04:24:51.652Z",
        "stripe_id": "",
        "groups": [],
        "user_permissions": []
    }
},
{
    "model": "accounts.user",
    "pk": 10,
    "fields": {
        "password": "pbkdf2_sha256$120000$1NKY4EX0ZFQn$6xJbY1gAWcZE7lhGKbUUlxh8mVyAuXLglYsyyru0i6w=",
        "last_login": null,
        "is_superuser": false,
        "username": "user17@domain.com",
        "first_name": "",
        "last_name": "",
        "email": "user17@domain.com",
        "is_staff": false,
        "is_active": true,
        "date_joined": "2018-09-19T04:28:05.673Z",
        "stripe_id": "",
        "groups": [],
        "user_permissions": []
    }
},
{
    "model": "accounts.user",
    "pk": 13,
    "fields": {
        "password": "pbkdf2_sha256$120000$FCnOcSEz39hw$a+wm/rPr67jHFd/1WD8+jYN6VqAOdxSlxnjbbuumVPc=",
        "last_login": "2018-09-20T01:55:44.530Z",
        "is_superuser": false,
        "username": "incorrect.cvc@domain.com",
        "first_name": "",
        "last_name": "",
        "email": "incorrect.cvc@domain.com",
        "is_staff": false,
        "is_active": true,
        "date_joined": "2018-09-19T23:26:19.335Z",
        "stripe_id": "",
        "groups": [],
        "user_permissions": []
    }
},
{
    "model": "polls.poll",
    "pk": 1,
    "fields": {
        "question": "What bug should i work on?",
        "subject": 1
    }
},
{
    "model": "polls.poll",
    "pk": 2,
    "fields": {
        "question": "What feature should i work on?",
        "subject": 2
    }
},
{
    "model": "polls.polloption",
    "pk": 1,
    "fields": {
        "name": "B1",
        "poll": 1,
        "ticket": 1
    }
},
{
    "model": "polls.polloption",
    "pk": 2,
    "fields": {
        "name": "B2",
        "poll": 1,
        "ticket": 2
    }
},
{
    "model": "polls.polloption",
    "pk": 3,
    "fields": {
        "name": "B3",
        "poll": 1,
        "ticket": 3
    }
},
{
    "model": "polls.polloption",
    "pk": 4,
    "fields": {
        "name": "F1",
        "poll": 2,
        "ticket": 4
    }
},
{
    "model": "polls.polloption",
    "pk": 5,
    "fields": {
        "name": "F2",
        "poll": 2,
        "ticket": 5
    }
},
{
    "model": "polls.polloption",
    "pk": 6,
    "fields": {
        "name": "F3",
        "poll": 2,
        "ticket": 6
    }
},
{
    "model": "polls.polloption",
    "pk": 7,
    "fields": {
        "name": "F4",
        "poll": 2,
        "ticket": 7
    }
},
{
    "model": "polls.polloption",
    "pk": 8,
    "fields": {
        "name": "B4",
        "poll": 1,
        "ticket": 8
    }
},
{
    "model": "polls.polloption",
    "pk": 9,
    "fields": {
        "name": "B5",
        "poll": 1,
        "ticket": 9
    }
},
{
    "model": "polls.polloption",
    "pk": 10,
    "fields": {
        "name": "B6",
        "poll": 1,
        "ticket": 10
    }
},
{
    "model": "polls.polloption",
    "pk": 11,
    "fields": {
        "name": "House on fire",
        "poll": 1,
        "ticket": 11
    }
},
{
    "model": "polls.polloption",
    "pk": 12,
    "fields": {
        "name": "lets build something",
        "poll": 2,
        "ticket": 12
    }
},
{
    "model": "polls.polloption",
    "pk": 13,
    "fields": {
        "name": "Bug 7",
        "poll": 1,
        "ticket": 13
    }
},
{
    "model": "polls.polloption",
    "pk": 14,
    "fields": {
        "name": "Bug 8",
        "poll": 1,
        "ticket": 14
    }
},
{
    "model": "polls.polloption",
    "pk": 15,
    "fields": {
        "name": "Feature 6",
        "poll": 2,
        "ticket": 15
    }
},
{
    "model": "polls.polloption",
    "pk": 16,
    "fields": {
        "name": "Bug 9",
        "poll": 1,
        "ticket": 16
    }
},
{
    "model": "polls.polloption",
    "pk": 17,
    "fields": {
        "name": "Feature 11",
        "poll": 2,
        "ticket": 17
    }
},
{
    "model": "polls.vote",
    "pk": 1,
    "fields": {
        "poll": 2,
        "option": 4,
        "user": [
            "admin@domain.com"
        ]
    }
},
{
    "model": "polls.vote",
    "pk": 2,
    "fields": {
        "poll": 1,
        "option": 1,
        "user": [
            "admin@domain.com"
        ]
    }
},
{
    "model": "polls.vote",
    "pk": 3,
    "fields": {
        "poll": 2,
        "option": 4,
        "user": [
            "user1@domain.com"
        ]
    }
},
{
    "model": "polls.vote",
    "pk": 4,
    "fields": {
        "poll": 2,
        "option": 5,
        "user": [
            "user1@domain.com"
        ]
    }
},
{
    "model": "polls.vote",
    "pk": 8,
    "fields": {
        "poll": 1,
        "option": 1,
        "user": [
            "user1@domain.com"
        ]
    }
},
{
    "model": "polls.vote",
    "pk": 9,
    "fields": {
        "poll": 1,
        "option": 3,
        "user": [
            "user1@domain.com"
        ]
    }
},
{
    "model": "polls.vote",
    "pk": 10,
    "fields": {
        "poll": 1,
        "option": 2,
        "user": [
            "user1@domain.com"
        ]
    }
},
{
    "model": "polls.vote",
    "pk": 11,
    "fields": {
        "poll": 1,
        "option": 2,
        "user": [
            "user2@domain.com"
        ]
    }
},
{
    "model": "polls.vote",
    "pk": 12,
    "fields": {
        "poll": 2,
        "option": 5,
        "user": [
            "user2@domain.com"
        ]
    }
},
{
    "model": "polls.vote",
    "pk": 13,
    "fields": {
        "poll": 2,
        "option": 7,
        "user": [
            "user2@domain.com"
        ]
    }
},
{
    "model": "polls.vote",
    "pk": 14,
    "fields": {
        "poll": 1,
        "option": 1,
        "user": [
            "user2@domain.com"
        ]
    }
},
{
    "model": "polls.vote",
    "pk": 15,
    "fields": {
        "poll": 1,
        "option": 2,
        "user": [
            "admin@domain.com"
        ]
    }
},
{
    "model": "polls.vote",
    "pk": 16,
    "fields": {
        "poll": 2,
        "option": 6,
        "user": [
            "admin@domain.com"
        ]
    }
},
{
    "model": "polls.vote",
    "pk": 17,
    "fields": {
        "poll": 2,
        "option": 5,
        "user": [
            "admin@domain.com"
        ]
    }
},
{
    "model": "polls.vote",
    "pk": 18,
    "fields": {
        "poll": 1,
        "option": 9,
        "user": [
            "user1@domain.com"
        ]
    }
},
{
    "model": "polls.vote",
    "pk": 19,
    "fields": {
        "poll": 2,
        "option": 4,
        "user": [
            "admin@domain.com"
        ]
    }
},
{
    "model": "polls.vote",
    "pk": 20,
    "fields": {
        "poll": 2,
        "option": 4,
        "user": [
            "admin@domain.com"
        ]
    }
},
{
    "model": "polls.vote",
    "pk": 21,
    "fields": {
        "poll": 2,
        "option": 4,
        "user": [
            "admin@domain.com"
        ]
    }
},
{
    "model": "polls.vote",
    "pk": 22,
    "fields": {
        "poll": 2,
        "option": 6,
        "user": [
            "admin@domain.com"
        ]
    }
},
{
    "model": "polls.vote",
    "pk": 23,
    "fields": {
        "poll": 1,
        "option": 9,
        "user": [
            "admin@domain.com"
        ]
    }
},
{
    "model": "polls.vote",
    "pk": 24,
    "fields": {
        "poll": 1,
        "option": 1,
        "user": [
            "fahd.r.khan@gmail.com"
        ]
    }
},
{
    "model": "polls.vote",
    "pk": 25,
    "fields": {
        "poll": 1,
        "option": 10,
        "user": [
            "fahd.r.khan@gmail.com"
        ]
    }
},
{
    "model": "polls.vote",
    "pk": 26,
    "fields": {
        "poll": 1,
        "option": 11,
        "user": [
            "fahd.r.khan@gmail.com"
        ]
    }
},
{
    "model": "polls.vote",
    "pk": 27,
    "fields": {
        "poll": 2,
        "option": 12,
        "user": [
            "fahd.r.khan@gmail.com"
        ]
    }
},
{
    "model": "polls.vote",
    "pk": 28,
    "fields": {
        "poll": 2,
        "option": 12,
        "user": [
            "fahd.r.khan@gmail.com"
        ]
    }
},
{
    "model": "polls.vote",
    "pk": 29,
    "fields": {
        "poll": 2,
        "option": 12,
        "user": [
            "fahd.r.khan@gmail.com"
        ]
    }
},
{
    "model": "polls.vote",
    "pk": 30,
    "fields": {
        "poll": 2,
        "option": 12,
        "user": [
            "user12@domain.com"
        ]
    }
},
{
    "model": "polls.vote",
    "pk": 31,
    "fields": {
        "poll": 1,
        "option": 9,
        "user": [
            "user15@domain.com"
        ]
    }
},
{
    "model": "polls.vote",
    "pk": 32,
    "fields": {
        "poll": 2,
        "option": 7,
        "user": [
            "user15@domain.com"
        ]
    }
},
{
    "model": "polls.vote",
    "pk": 33,
    "fields": {
        "poll": 1,
        "option": 2,
        "user": [
            "user15@domain.com"
        ]
    }
},
{
    "model": "polls.vote",
    "pk": 34,
    "fields": {
        "poll": 1,
        "option": 13,
        "user": [
            "user15@domain.com"
        ]
    }
},
{
    "model": "polls.vote",
    "pk": 35,
    "fields": {
        "poll": 1,
        "option": 1,
        "user": [
            "user15@domain.com"
        ]
    }
},
{
    "model": "polls.vote",
    "pk": 36,
    "fields": {
        "poll": 2,
        "option": 4,
        "user": [
            "user15@domain.com"
        ]
    }
},
{
    "model": "polls.vote",
    "pk": 37,
    "fields": {
        "poll": 2,
        "option": 4,
        "user": [
            "user15@domain.com"
        ]
    }
},
{
    "model": "polls.vote",
    "pk": 38,
    "fields": {
        "poll": 2,
        "option": 5,
        "user": [
            "user15@domain.com"
        ]
    }
},
{
    "model": "polls.vote",
    "pk": 39,
    "fields": {
        "poll": 1,
        "option": 14,
        "user": [
            "user1@domain.com"
        ]
    }
},
{
    "model": "polls.vote",
    "pk": 40,
    "fields": {
        "poll": 2,
        "option": 5,
        "user": [
            "user1@domain.com"
        ]
    }
},
{
    "model": "polls.vote",
    "pk": 41,
    "fields": {
        "poll": 2,
        "option": 5,
        "user": [
            "user1@domain.com"
        ]
    }
},
{
    "model": "polls.vote",
    "pk": 42,
    "fields": {
        "poll": 2,
        "option": 5,
        "user": [
            "user1@domain.com"
        ]
    }
},
{
    "model": "polls.vote",
    "pk": 43,
    "fields": {
        "poll": 1,
        "option": 10,
        "user": [
            "user2@domain.com"
        ]
    }
},
{
    "model": "polls.vote",
    "pk": 44,
    "fields": {
        "poll": 2,
        "option": 15,
        "user": [
            "admin@domain.com"
        ]
    }
},
{
    "model": "polls.vote",
    "pk": 45,
    "fields": {
        "poll": 2,
        "option": 6,
        "user": [
            "admin@domain.com"
        ]
    }
},
{
    "model": "polls.vote",
    "pk": 46,
    "fields": {
        "poll": 2,
        "option": 4,
        "user": [
            "user1@domain.com"
        ]
    }
},
{
    "model": "polls.vote",
    "pk": 47,
    "fields": {
        "poll": 2,
        "option": 4,
        "user": [
            "admin@domain.com"
        ]
    }
},
{
    "model": "polls.vote",
    "pk": 48,
    "fields": {
        "poll": 2,
        "option": 4,
        "user": [
            "admin@domain.com"
        ]
    }
},
{
    "model": "polls.vote",
    "pk": 49,
    "fields": {
        "poll": 2,
        "option": 4,
        "user": [
            "admin@domain.com"
        ]
    }
},
{
    "model": "polls.vote",
    "pk": 50,
    "fields": {
        "poll": 2,
        "option": 4,
        "user": [
            "admin@domain.com"
        ]
    }
},
{
    "model": "polls.vote",
    "pk": 51,
    "fields": {
        "poll": 2,
        "option": 5,
        "user": [
            "admin@domain.com"
        ]
    }
},
{
    "model": "polls.vote",
    "pk": 52,
    "fields": {
        "poll": 2,
        "option": 5,
        "user": [
            "admin@domain.com"
        ]
    }
},
{
    "model": "polls.vote",
    "pk": 53,
    "fields": {
        "poll": 2,
        "option": 5,
        "user": [
            "admin@domain.com"
        ]
    }
},
{
    "model": "polls.vote",
    "pk": 54,
    "fields": {
        "poll": 2,
        "option": 5,
        "user": [
            "admin@domain.com"
        ]
    }
},
{
    "model": "polls.vote",
    "pk": 55,
    "fields": {
        "poll": 2,
        "option": 5,
        "user": [
            "admin@domain.com"
        ]
    }
},
{
    "model": "polls.vote",
    "pk": 56,
    "fields": {
        "poll": 2,
        "option": 5,
        "user": [
            "admin@domain.com"
        ]
    }
},
{
    "model": "polls.vote",
    "pk": 57,
    "fields": {
        "poll": 2,
        "option": 7,
        "user": [
            "admin@domain.com"
        ]
    }
},
{
    "model": "polls.vote",
    "pk": 58,
    "fields": {
        "poll": 2,
        "option": 6,
        "user": [
            "admin@domain.com"
        ]
    }
},
{
    "model": "polls.vote",
    "pk": 59,
    "fields": {
        "poll": 2,
        "option": 5,
        "user": [
            "admin@domain.com"
        ]
    }
},
{
    "model": "polls.vote",
    "pk": 60,
    "fields": {
        "poll": 2,
        "option": 4,
        "user": [
            "admin@domain.com"
        ]
    }
},
{
    "model": "polls.vote",
    "pk": 61,
    "fields": {
        "poll": 2,
        "option": 4,
        "user": [
            "admin@domain.com"
        ]
    }
},
{
    "model": "polls.vote",
    "pk": 62,
    "fields": {
        "poll": 2,
        "option": 4,
        "user": [
            "admin@domain.com"
        ]
    }
},
{
    "model": "polls.vote",
    "pk": 63,
    "fields": {
        "poll": 1,
        "option": 13,
        "user": [
            "admin@domain.com"
        ]
    }
},
{
    "model": "polls.vote",
    "pk": 64,
    "fields": {
        "poll": 2,
        "option": 5,
        "user": [
            "admin@domain.com"
        ]
    }
},
{
    "model": "polls.vote",
    "pk": 65,
    "fields": {
        "poll": 2,
        "option": 12,
        "user": [
            "admin@domain.com"
        ]
    }
},
{
    "model": "polls.vote",
    "pk": 66,
    "fields": {
        "poll": 2,
        "option": 12,
        "user": [
            "admin@domain.com"
        ]
    }
},
{
    "model": "polls.vote",
    "pk": 67,
    "fields": {
        "poll": 2,
        "option": 12,
        "user": [
            "admin@domain.com"
        ]
    }
},
{
    "model": "polls.vote",
    "pk": 68,
    "fields": {
        "poll": 2,
        "option": 4,
        "user": [
            "admin@domain.com"
        ]
    }
},
{
    "model": "polls.vote",
    "pk": 69,
    "fields": {
        "poll": 2,
        "option": 12,
        "user": [
            "admin@domain.com"
        ]
    }
},
{
    "model": "polls.vote",
    "pk": 70,
    "fields": {
        "poll": 2,
        "option": 12,
        "user": [
            "admin@domain.com"
        ]
    }
},
{
    "model": "polls.vote",
    "pk": 71,
    "fields": {
        "poll": 2,
        "option": 12,
        "user": [
            "admin@domain.com"
        ]
    }
},
{
    "model": "polls.vote",
    "pk": 72,
    "fields": {
        "poll": 1,
        "option": 14,
        "user": [
            "user2@domain.com"
        ]
    }
},
{
    "model": "polls.vote",
    "pk": 73,
    "fields": {
        "poll": 1,
        "option": 3,
        "user": [
            "admin@domain.com"
        ]
    }
},
{
    "model": "polls.vote",
    "pk": 74,
    "fields": {
        "poll": 2,
        "option": 5,
        "user": [
            "admin@domain.com"
        ]
    }
},
{
    "model": "polls.vote",
    "pk": 75,
    "fields": {
        "poll": 2,
        "option": 17,
        "user": [
            "admin@domain.com"
        ]
    }
},
{
    "model": "polls.vote",
    "pk": 76,
    "fields": {
        "poll": 2,
        "option": 17,
        "user": [
            "admin@domain.com"
        ]
    }
},
{
    "model": "polls.vote",
    "pk": 77,
    "fields": {
        "poll": 2,
        "option": 17,
        "user": [
            "admin@domain.com"
        ]
    }
},
{
    "model": "polls.vote",
    "pk": 78,
    "fields": {
        "poll": 2,
        "option": 17,
        "user": [
            "admin@domain.com"
        ]
    }
},
{
    "model": "polls.vote",
    "pk": 79,
    "fields": {
        "poll": 2,
        "option": 17,
        "user": [
            "admin@domain.com"
        ]
    }
},
{
    "model": "polls.vote",
    "pk": 80,
    "fields": {
        "poll": 2,
        "option": 4,
        "user": [
            "admin@domain.com"
        ]
    }
},
{
    "model": "polls.vote",
    "pk": 81,
    "fields": {
        "poll": 2,
        "option": 4,
        "user": [
            "admin@domain.com"
        ]
    }
},
{
    "model": "polls.vote",
    "pk": 82,
    "fields": {
        "poll": 2,
        "option": 4,
        "user": [
            "admin@domain.com"
        ]
    }
},
{
    "model": "polls.vote",
    "pk": 83,
    "fields": {
        "poll": 2,
        "option": 4,
        "user": [
            "admin@domain.com"
        ]
    }
},
{
    "model": "polls.vote",
    "pk": 84,
    "fields": {
        "poll": 2,
        "option": 4,
        "user": [
            "admin@domain.com"
        ]
    }
},
{
    "model": "polls.vote",
    "pk": 85,
    "fields": {
        "poll": 2,
        "option": 4,
        "user": [
            "admin@domain.com"
        ]
    }
},
{
    "model": "polls.vote",
    "pk": 86,
    "fields": {
        "poll": 2,
        "option": 4,
        "user": [
            "admin@domain.com"
        ]
    }
},
{
    "model": "polls.vote",
    "pk": 87,
    "fields": {
        "poll": 2,
        "option": 4,
        "user": [
            "admin@domain.com"
        ]
    }
},
{
    "model": "polls.vote",
    "pk": 88,
    "fields": {
        "poll": 2,
        "option": 4,
        "user": [
            "admin@domain.com"
        ]
    }
},
{
    "model": "polls.vote",
    "pk": 89,
    "fields": {
        "poll": 2,
        "option": 4,
        "user": [
            "admin@domain.com"
        ]
    }
},
{
    "model": "polls.vote",
    "pk": 90,
    "fields": {
        "poll": 2,
        "option": 4,
        "user": [
            "admin@domain.com"
        ]
    }
},
{
    "model": "polls.vote",
    "pk": 91,
    "fields": {
        "poll": 2,
        "option": 4,
        "user": [
            "admin@domain.com"
        ]
    }
},
{
    "model": "polls.vote",
    "pk": 92,
    "fields": {
        "poll": 2,
        "option": 4,
        "user": [
            "admin@domain.com"
        ]
    }
},
{
    "model": "polls.vote",
    "pk": 93,
    "fields": {
        "poll": 2,
        "option": 4,
        "user": [
            "admin@domain.com"
        ]
    }
},
{
    "model": "polls.vote",
    "pk": 94,
    "fields": {
        "poll": 2,
        "option": 4,
        "user": [
            "admin@domain.com"
        ]
    }
},
{
    "model": "polls.vote",
    "pk": 95,
    "fields": {
        "poll": 2,
        "option": 4,
        "user": [
            "admin@domain.com"
        ]
    }
},
{
    "model": "polls.vote",
    "pk": 96,
    "fields": {
        "poll": 2,
        "option": 4,
        "user": [
            "admin@domain.com"
        ]
    }
},
{
    "model": "polls.vote",
    "pk": 97,
    "fields": {
        "poll": 2,
        "option": 4,
        "user": [
            "admin@domain.com"
        ]
    }
},
{
    "model": "polls.vote",
    "pk": 98,
    "fields": {
        "poll": 2,
        "option": 4,
        "user": [
            "admin@domain.com"
        ]
    }
},
{
    "model": "polls.vote",
    "pk": 99,
    "fields": {
        "poll": 2,
        "option": 4,
        "user": [
            "admin@domain.com"
        ]
    }
},
{
    "model": "polls.vote",
    "pk": 100,
    "fields": {
        "poll": 2,
        "option": 4,
        "user": [
            "admin@domain.com"
        ]
    }
},
{
    "model": "polls.vote",
    "pk": 101,
    "fields": {
        "poll": 2,
        "option": 4,
        "user": [
            "admin@domain.com"
        ]
    }
},
{
    "model": "polls.vote",
    "pk": 102,
    "fields": {
        "poll": 2,
        "option": 4,
        "user": [
            "admin@domain.com"
        ]
    }
},
{
    "model": "polls.vote",
    "pk": 103,
    "fields": {
        "poll": 2,
        "option": 4,
        "user": [
            "admin@domain.com"
        ]
    }
},
{
    "model": "polls.vote",
    "pk": 104,
    "fields": {
        "poll": 2,
        "option": 4,
        "user": [
            "admin@domain.com"
        ]
    }
},
{
    "model": "polls.vote",
    "pk": 105,
    "fields": {
        "poll": 2,
        "option": 4,
        "user": [
            "admin@domain.com"
        ]
    }
},
{
    "model": "polls.vote",
    "pk": 106,
    "fields": {
        "poll": 2,
        "option": 4,
        "user": [
            "admin@domain.com"
        ]
    }
},
{
    "model": "polls.vote",
    "pk": 107,
    "fields": {
        "poll": 2,
        "option": 4,
        "user": [
            "admin@domain.com"
        ]
    }
},
{
    "model": "polls.vote",
    "pk": 108,
    "fields": {
        "poll": 2,
        "option": 4,
        "user": [
            "admin@domain.com"
        ]
    }
},
{
    "model": "polls.vote",
    "pk": 109,
    "fields": {
        "poll": 2,
        "option": 4,
        "user": [
            "admin@domain.com"
        ]
    }
},
{
    "model": "polls.vote",
    "pk": 110,
    "fields": {
        "poll": 2,
        "option": 4,
        "user": [
            "admin@domain.com"
        ]
    }
},
{
    "model": "polls.vote",
    "pk": 111,
    "fields": {
        "poll": 2,
        "option": 4,
        "user": [
            "admin@domain.com"
        ]
    }
},
{
    "model": "polls.vote",
    "pk": 112,
    "fields": {
        "poll": 2,
        "option": 4,
        "user": [
            "admin@domain.com"
        ]
    }
},
{
    "model": "polls.vote",
    "pk": 113,
    "fields": {
        "poll": 2,
        "option": 4,
        "user": [
            "admin@domain.com"
        ]
    }
},
{
    "model": "polls.vote",
    "pk": 114,
    "fields": {
        "poll": 2,
        "option": 4,
        "user": [
            "admin@domain.com"
        ]
    }
},
{
    "model": "polls.vote",
    "pk": 115,
    "fields": {
        "poll": 2,
        "option": 4,
        "user": [
            "admin@domain.com"
        ]
    }
},
{
    "model": "polls.vote",
    "pk": 116,
    "fields": {
        "poll": 2,
        "option": 4,
        "user": [
            "admin@domain.com"
        ]
    }
},
{
    "model": "polls.vote",
    "pk": 117,
    "fields": {
        "poll": 2,
        "option": 4,
        "user": [
            "admin@domain.com"
        ]
    }
},
{
    "model": "polls.vote",
    "pk": 118,
    "fields": {
        "poll": 2,
        "option": 4,
        "user": [
            "admin@domain.com"
        ]
    }
},
{
    "model": "polls.vote",
    "pk": 119,
    "fields": {
        "poll": 2,
        "option": 4,
        "user": [
            "admin@domain.com"
        ]
    }
},
{
    "model": "polls.vote",
    "pk": 120,
    "fields": {
        "poll": 2,
        "option": 4,
        "user": [
            "admin@domain.com"
        ]
    }
},
{
    "model": "polls.vote",
    "pk": 121,
    "fields": {
        "poll": 2,
        "option": 4,
        "user": [
            "admin@domain.com"
        ]
    }
},
{
    "model": "polls.vote",
    "pk": 122,
    "fields": {
        "poll": 2,
        "option": 4,
        "user": [
            "admin@domain.com"
        ]
    }
},
{
    "model": "polls.vote",
    "pk": 123,
    "fields": {
        "poll": 2,
        "option": 4,
        "user": [
            "admin@domain.com"
        ]
    }
},
{
    "model": "polls.vote",
    "pk": 124,
    "fields": {
        "poll": 2,
        "option": 4,
        "user": [
            "admin@domain.com"
        ]
    }
},
{
    "model": "polls.vote",
    "pk": 125,
    "fields": {
        "poll": 2,
        "option": 4,
        "user": [
            "admin@domain.com"
        ]
    }
},
{
    "model": "polls.vote",
    "pk": 126,
    "fields": {
        "poll": 2,
        "option": 4,
        "user": [
            "admin@domain.com"
        ]
    }
},
{
    "model": "polls.vote",
    "pk": 127,
    "fields": {
        "poll": 2,
        "option": 4,
        "user": [
            "admin@domain.com"
        ]
    }
},
{
    "model": "polls.vote",
    "pk": 128,
    "fields": {
        "poll": 2,
        "option": 4,
        "user": [
            "admin@domain.com"
        ]
    }
},
{
    "model": "polls.vote",
    "pk": 129,
    "fields": {
        "poll": 2,
        "option": 4,
        "user": [
            "admin@domain.com"
        ]
    }
},
{
    "model": "polls.vote",
    "pk": 130,
    "fields": {
        "poll": 2,
        "option": 4,
        "user": [
            "admin@domain.com"
        ]
    }
},
{
    "model": "polls.vote",
    "pk": 131,
    "fields": {
        "poll": 2,
        "option": 4,
        "user": [
            "admin@domain.com"
        ]
    }
},
{
    "model": "polls.vote",
    "pk": 132,
    "fields": {
        "poll": 2,
        "option": 4,
        "user": [
            "admin@domain.com"
        ]
    }
},
{
    "model": "polls.vote",
    "pk": 133,
    "fields": {
        "poll": 2,
        "option": 4,
        "user": [
            "admin@domain.com"
        ]
    }
},
{
    "model": "polls.vote",
    "pk": 134,
    "fields": {
        "poll": 2,
        "option": 4,
        "user": [
            "admin@domain.com"
        ]
    }
},
{
    "model": "polls.vote",
    "pk": 135,
    "fields": {
        "poll": 2,
        "option": 4,
        "user": [
            "admin@domain.com"
        ]
    }
},
{
    "model": "polls.vote",
    "pk": 136,
    "fields": {
        "poll": 2,
        "option": 4,
        "user": [
            "admin@domain.com"
        ]
    }
},
{
    "model": "polls.vote",
    "pk": 137,
    "fields": {
        "poll": 2,
        "option": 4,
        "user": [
            "admin@domain.com"
        ]
    }
},
{
    "model": "polls.vote",
    "pk": 138,
    "fields": {
        "poll": 2,
        "option": 4,
        "user": [
            "admin@domain.com"
        ]
    }
},
{
    "model": "polls.vote",
    "pk": 139,
    "fields": {
        "poll": 2,
        "option": 4,
        "user": [
            "admin@domain.com"
        ]
    }
},
{
    "model": "polls.vote",
    "pk": 140,
    "fields": {
        "poll": 2,
        "option": 4,
        "user": [
            "admin@domain.com"
        ]
    }
},
{
    "model": "polls.vote",
    "pk": 141,
    "fields": {
        "poll": 2,
        "option": 4,
        "user": [
            "admin@domain.com"
        ]
    }
},
{
    "model": "polls.vote",
    "pk": 142,
    "fields": {
        "poll": 2,
        "option": 4,
        "user": [
            "admin@domain.com"
        ]
    }
},
{
    "model": "polls.vote",
    "pk": 143,
    "fields": {
        "poll": 2,
        "option": 4,
        "user": [
            "admin@domain.com"
        ]
    }
},
{
    "model": "polls.vote",
    "pk": 144,
    "fields": {
        "poll": 2,
        "option": 4,
        "user": [
            "admin@domain.com"
        ]
    }
},
{
    "model": "polls.vote",
    "pk": 145,
    "fields": {
        "poll": 2,
        "option": 4,
        "user": [
            "admin@domain.com"
        ]
    }
},
{
    "model": "polls.vote",
    "pk": 146,
    "fields": {
        "poll": 2,
        "option": 4,
        "user": [
            "admin@domain.com"
        ]
    }
},
{
    "model": "polls.vote",
    "pk": 147,
    "fields": {
        "poll": 2,
        "option": 4,
        "user": [
            "admin@domain.com"
        ]
    }
},
{
    "model": "polls.vote",
    "pk": 148,
    "fields": {
        "poll": 2,
        "option": 4,
        "user": [
            "admin@domain.com"
        ]
    }
},
{
    "model": "polls.vote",
    "pk": 149,
    "fields": {
        "poll": 2,
        "option": 4,
        "user": [
            "admin@domain.com"
        ]
    }
},
{
    "model": "polls.vote",
    "pk": 150,
    "fields": {
        "poll": 2,
        "option": 4,
        "user": [
            "admin@domain.com"
        ]
    }
},
{
    "model": "polls.vote",
    "pk": 151,
    "fields": {
        "poll": 2,
        "option": 4,
        "user": [
            "admin@domain.com"
        ]
    }
},
{
    "model": "polls.vote",
    "pk": 152,
    "fields": {
        "poll": 2,
        "option": 4,
        "user": [
            "admin@domain.com"
        ]
    }
},
{
    "model": "polls.vote",
    "pk": 153,
    "fields": {
        "poll": 2,
        "option": 4,
        "user": [
            "admin@domain.com"
        ]
    }
},
{
    "model": "polls.vote",
    "pk": 154,
    "fields": {
        "poll": 2,
        "option": 4,
        "user": [
            "admin@domain.com"
        ]
    }
},
{
    "model": "polls.vote",
    "pk": 155,
    "fields": {
        "poll": 2,
        "option": 4,
        "user": [
            "admin@domain.com"
        ]
    }
},
{
    "model": "polls.vote",
    "pk": 156,
    "fields": {
        "poll": 2,
        "option": 4,
        "user": [
            "admin@domain.com"
        ]
    }
},
{
    "model": "polls.vote",
    "pk": 157,
    "fields": {
        "poll": 2,
        "option": 4,
        "user": [
            "admin@domain.com"
        ]
    }
},
{
    "model": "polls.vote",
    "pk": 158,
    "fields": {
        "poll": 2,
        "option": 4,
        "user": [
            "admin@domain.com"
        ]
    }
},
{
    "model": "polls.vote",
    "pk": 159,
    "fields": {
        "poll": 2,
        "option": 4,
        "user": [
            "admin@domain.com"
        ]
    }
},
{
    "model": "polls.vote",
    "pk": 160,
    "fields": {
        "poll": 2,
        "option": 4,
        "user": [
            "admin@domain.com"
        ]
    }
},
{
    "model": "polls.vote",
    "pk": 161,
    "fields": {
        "poll": 2,
        "option": 4,
        "user": [
            "admin@domain.com"
        ]
    }
},
{
    "model": "polls.vote",
    "pk": 162,
    "fields": {
        "poll": 2,
        "option": 4,
        "user": [
            "admin@domain.com"
        ]
    }
},
{
    "model": "polls.vote",
    "pk": 163,
    "fields": {
        "poll": 2,
        "option": 4,
        "user": [
            "admin@domain.com"
        ]
    }
},
{
    "model": "polls.vote",
    "pk": 164,
    "fields": {
        "poll": 2,
        "option": 4,
        "user": [
            "admin@domain.com"
        ]
    }
},
{
    "model": "polls.vote",
    "pk": 165,
    "fields": {
        "poll": 2,
        "option": 4,
        "user": [
            "admin@domain.com"
        ]
    }
},
{
    "model": "polls.vote",
    "pk": 166,
    "fields": {
        "poll": 2,
        "option": 4,
        "user": [
            "admin@domain.com"
        ]
    }
},
{
    "model": "polls.vote",
    "pk": 167,
    "fields": {
        "poll": 2,
        "option": 4,
        "user": [
            "admin@domain.com"
        ]
    }
},
{
    "model": "polls.vote",
    "pk": 168,
    "fields": {
        "poll": 2,
        "option": 4,
        "user": [
            "admin@domain.com"
        ]
    }
},
{
    "model": "polls.vote",
    "pk": 169,
    "fields": {
        "poll": 2,
        "option": 4,
        "user": [
            "admin@domain.com"
        ]
    }
},
{
    "model": "polls.vote",
    "pk": 170,
    "fields": {
        "poll": 2,
        "option": 4,
        "user": [
            "admin@domain.com"
        ]
    }
},
{
    "model": "polls.vote",
    "pk": 171,
    "fields": {
        "poll": 2,
        "option": 4,
        "user": [
            "admin@domain.com"
        ]
    }
},
{
    "model": "polls.vote",
    "pk": 172,
    "fields": {
        "poll": 2,
        "option": 4,
        "user": [
            "admin@domain.com"
        ]
    }
},
{
    "model": "polls.vote",
    "pk": 173,
    "fields": {
        "poll": 2,
        "option": 4,
        "user": [
            "admin@domain.com"
        ]
    }
},
{
    "model": "polls.vote",
    "pk": 174,
    "fields": {
        "poll": 2,
        "option": 4,
        "user": [
            "admin@domain.com"
        ]
    }
},
{
    "model": "polls.vote",
    "pk": 175,
    "fields": {
        "poll": 2,
        "option": 4,
        "user": [
            "admin@domain.com"
        ]
    }
},
{
    "model": "polls.vote",
    "pk": 176,
    "fields": {
        "poll": 2,
        "option": 4,
        "user": [
            "admin@domain.com"
        ]
    }
},
{
    "model": "polls.vote",
    "pk": 177,
    "fields": {
        "poll": 2,
        "option": 4,
        "user": [
            "admin@domain.com"
        ]
    }
},
{
    "model": "polls.vote",
    "pk": 178,
    "fields": {
        "poll": 2,
        "option": 4,
        "user": [
            "admin@domain.com"
        ]
    }
},
{
    "model": "polls.vote",
    "pk": 179,
    "fields": {
        "poll": 2,
        "option": 4,
        "user": [
            "admin@domain.com"
        ]
    }
},
{
    "model": "polls.vote",
    "pk": 180,
    "fields": {
        "poll": 1,
        "option": 8,
        "user": [
            "admin@domain.com"
        ]
    }
},
{
    "model": "polls.vote",
    "pk": 181,
    "fields": {
        "poll": 1,
        "option": 11,
        "user": [
            "admin@domain.com"
        ]
    }
},
{
    "model": "polls.vote",
    "pk": 182,
    "fields": {
        "poll": 1,
        "option": 10,
        "user": [
            "admin@domain.com"
        ]
    }
},
{
    "model": "polls.vote",
    "pk": 183,
    "fields": {
        "poll": 2,
        "option": 15,
        "user": [
            "admin@domain.com"
        ]
    }
},
{
    "model": "polls.vote",
    "pk": 184,
    "fields": {
        "poll": 2,
        "option": 15,
        "user": [
            "admin@domain.com"
        ]
    }
},
{
    "model": "polls.vote",
    "pk": 185,
    "fields": {
        "poll": 2,
        "option": 15,
        "user": [
            "admin@domain.com"
        ]
    }
},
{
    "model": "polls.vote",
    "pk": 186,
    "fields": {
        "poll": 2,
        "option": 15,
        "user": [
            "admin@domain.com"
        ]
    }
},
{
    "model": "polls.vote",
    "pk": 187,
    "fields": {
        "poll": 2,
        "option": 15,
        "user": [
            "admin@domain.com"
        ]
    }
},
{
    "model": "polls.vote",
    "pk": 188,
    "fields": {
        "poll": 2,
        "option": 15,
        "user": [
            "admin@domain.com"
        ]
    }
},
{
    "model": "polls.vote",
    "pk": 189,
    "fields": {
        "poll": 2,
        "option": 15,
        "user": [
            "admin@domain.com"
        ]
    }
},
{
    "model": "polls.vote",
    "pk": 190,
    "fields": {
        "poll": 2,
        "option": 15,
        "user": [
            "admin@domain.com"
        ]
    }
},
{
    "model": "polls.vote",
    "pk": 191,
    "fields": {
        "poll": 2,
        "option": 15,
        "user": [
            "admin@domain.com"
        ]
    }
},
{
    "model": "polls.vote",
    "pk": 192,
    "fields": {
        "poll": 2,
        "option": 15,
        "user": [
            "admin@domain.com"
        ]
    }
},
{
    "model": "polls.vote",
    "pk": 193,
    "fields": {
        "poll": 2,
        "option": 15,
        "user": [
            "admin@domain.com"
        ]
    }
},
{
    "model": "polls.vote",
    "pk": 194,
    "fields": {
        "poll": 2,
        "option": 15,
        "user": [
            "admin@domain.com"
        ]
    }
},
{
    "model": "polls.vote",
    "pk": 195,
    "fields": {
        "poll": 2,
        "option": 15,
        "user": [
            "admin@domain.com"
        ]
    }
},
{
    "model": "polls.vote",
    "pk": 196,
    "fields": {
        "poll": 2,
        "option": 15,
        "user": [
            "admin@domain.com"
        ]
    }
},
{
    "model": "polls.vote",
    "pk": 197,
    "fields": {
        "poll": 2,
        "option": 15,
        "user": [
            "admin@domain.com"
        ]
    }
},
{
    "model": "polls.vote",
    "pk": 198,
    "fields": {
        "poll": 2,
        "option": 15,
        "user": [
            "admin@domain.com"
        ]
    }
},
{
    "model": "polls.vote",
    "pk": 199,
    "fields": {
        "poll": 2,
        "option": 15,
        "user": [
            "admin@domain.com"
        ]
    }
},
{
    "model": "polls.vote",
    "pk": 200,
    "fields": {
        "poll": 2,
        "option": 15,
        "user": [
            "admin@domain.com"
        ]
    }
},
{
    "model": "polls.vote",
    "pk": 201,
    "fields": {
        "poll": 2,
        "option": 15,
        "user": [
            "admin@domain.com"
        ]
    }
},
{
    "model": "polls.vote",
    "pk": 202,
    "fields": {
        "poll": 2,
        "option": 15,
        "user": [
            "admin@domain.com"
        ]
    }
},
{
    "model": "polls.vote",
    "pk": 203,
    "fields": {
        "poll": 2,
        "option": 15,
        "user": [
            "admin@domain.com"
        ]
    }
},
{
    "model": "polls.vote",
    "pk": 204,
    "fields": {
        "poll": 2,
        "option": 15,
        "user": [
            "admin@domain.com"
        ]
    }
},
{
    "model": "polls.vote",
    "pk": 205,
    "fields": {
        "poll": 2,
        "option": 15,
        "user": [
            "admin@domain.com"
        ]
    }
},
{
    "model": "polls.vote",
    "pk": 206,
    "fields": {
        "poll": 2,
        "option": 15,
        "user": [
            "admin@domain.com"
        ]
    }
},
{
    "model": "polls.vote",
    "pk": 207,
    "fields": {
        "poll": 2,
        "option": 15,
        "user": [
            "admin@domain.com"
        ]
    }
},
{
    "model": "polls.vote",
    "pk": 208,
    "fields": {
        "poll": 2,
        "option": 15,
        "user": [
            "admin@domain.com"
        ]
    }
},
{
    "model": "polls.vote",
    "pk": 209,
    "fields": {
        "poll": 2,
        "option": 15,
        "user": [
            "admin@domain.com"
        ]
    }
},
{
    "model": "polls.vote",
    "pk": 210,
    "fields": {
        "poll": 2,
        "option": 15,
        "user": [
            "admin@domain.com"
        ]
    }
},
{
    "model": "polls.vote",
    "pk": 211,
    "fields": {
        "poll": 2,
        "option": 15,
        "user": [
            "admin@domain.com"
        ]
    }
},
{
    "model": "polls.vote",
    "pk": 212,
    "fields": {
        "poll": 2,
        "option": 15,
        "user": [
            "admin@domain.com"
        ]
    }
},
{
    "model": "polls.vote",
    "pk": 213,
    "fields": {
        "poll": 2,
        "option": 15,
        "user": [
            "admin@domain.com"
        ]
    }
},
{
    "model": "polls.vote",
    "pk": 214,
    "fields": {
        "poll": 2,
        "option": 15,
        "user": [
            "admin@domain.com"
        ]
    }
},
{
    "model": "polls.vote",
    "pk": 215,
    "fields": {
        "poll": 2,
        "option": 15,
        "user": [
            "admin@domain.com"
        ]
    }
},
{
    "model": "polls.vote",
    "pk": 216,
    "fields": {
        "poll": 2,
        "option": 15,
        "user": [
            "admin@domain.com"
        ]
    }
},
{
    "model": "polls.vote",
    "pk": 217,
    "fields": {
        "poll": 2,
        "option": 15,
        "user": [
            "admin@domain.com"
        ]
    }
},
{
    "model": "polls.vote",
    "pk": 218,
    "fields": {
        "poll": 2,
        "option": 15,
        "user": [
            "admin@domain.com"
        ]
    }
},
{
    "model": "polls.vote",
    "pk": 219,
    "fields": {
        "poll": 2,
        "option": 15,
        "user": [
            "admin@domain.com"
        ]
    }
},
{
    "model": "polls.vote",
    "pk": 220,
    "fields": {
        "poll": 2,
        "option": 15,
        "user": [
            "admin@domain.com"
        ]
    }
},
{
    "model": "polls.vote",
    "pk": 221,
    "fields": {
        "poll": 2,
        "option": 15,
        "user": [
            "admin@domain.com"
        ]
    }
},
{
    "model": "polls.vote",
    "pk": 222,
    "fields": {
        "poll": 2,
        "option": 15,
        "user": [
            "admin@domain.com"
        ]
    }
},
{
    "model": "polls.vote",
    "pk": 223,
    "fields": {
        "poll": 2,
        "option": 15,
        "user": [
            "admin@domain.com"
        ]
    }
},
{
    "model": "polls.vote",
    "pk": 224,
    "fields": {
        "poll": 2,
        "option": 15,
        "user": [
            "admin@domain.com"
        ]
    }
},
{
    "model": "polls.vote",
    "pk": 225,
    "fields": {
        "poll": 2,
        "option": 15,
        "user": [
            "admin@domain.com"
        ]
    }
},
{
    "model": "polls.vote",
    "pk": 226,
    "fields": {
        "poll": 2,
        "option": 15,
        "user": [
            "admin@domain.com"
        ]
    }
},
{
    "model": "polls.vote",
    "pk": 227,
    "fields": {
        "poll": 2,
        "option": 15,
        "user": [
            "admin@domain.com"
        ]
    }
},
{
    "model": "polls.vote",
    "pk": 228,
    "fields": {
        "poll": 2,
        "option": 15,
        "user": [
            "admin@domain.com"
        ]
    }
},
{
    "model": "polls.vote",
    "pk": 229,
    "fields": {
        "poll": 2,
        "option": 15,
        "user": [
            "admin@domain.com"
        ]
    }
},
{
    "model": "polls.vote",
    "pk": 230,
    "fields": {
        "poll": 2,
        "option": 15,
        "user": [
            "admin@domain.com"
        ]
    }
},
{
    "model": "polls.vote",
    "pk": 231,
    "fields": {
        "poll": 2,
        "option": 15,
        "user": [
            "admin@domain.com"
        ]
    }
},
{
    "model": "polls.vote",
    "pk": 232,
    "fields": {
        "poll": 2,
        "option": 15,
        "user": [
            "admin@domain.com"
        ]
    }
},
{
    "model": "polls.vote",
    "pk": 233,
    "fields": {
        "poll": 1,
        "option": 3,
        "user": [
            "user2@domain.com"
        ]
    }
},
{
    "model": "polls.vote",
    "pk": 234,
    "fields": {
        "poll": 2,
        "option": 6,
        "user": [
            "user2@domain.com"
        ]
    }
},
{
    "model": "polls.vote",
    "pk": 235,
    "fields": {
        "poll": 2,
        "option": 6,
        "user": [
            "user2@domain.com"
        ]
    }
},
{
    "model": "polls.vote",
    "pk": 236,
    "fields": {
        "poll": 2,
        "option": 6,
        "user": [
            "user2@domain.com"
        ]
    }
},
{
    "model": "polls.vote",
    "pk": 237,
    "fields": {
        "poll": 2,
        "option": 6,
        "user": [
            "user2@domain.com"
        ]
    }
},
{
    "model": "polls.vote",
    "pk": 238,
    "fields": {
        "poll": 2,
        "option": 6,
        "user": [
            "user2@domain.com"
        ]
    }
},
{
    "model": "polls.vote",
    "pk": 239,
    "fields": {
        "poll": 2,
        "option": 6,
        "user": [
            "user2@domain.com"
        ]
    }
},
{
    "model": "polls.vote",
    "pk": 240,
    "fields": {
        "poll": 2,
        "option": 6,
        "user": [
            "user2@domain.com"
        ]
    }
},
{
    "model": "polls.vote",
    "pk": 241,
    "fields": {
        "poll": 2,
        "option": 6,
        "user": [
            "user2@domain.com"
        ]
    }
},
{
    "model": "polls.vote",
    "pk": 242,
    "fields": {
        "poll": 2,
        "option": 6,
        "user": [
            "user2@domain.com"
        ]
    }
},
{
    "model": "polls.vote",
    "pk": 243,
    "fields": {
        "poll": 2,
        "option": 6,
        "user": [
            "user2@domain.com"
        ]
    }
},
{
    "model": "polls.vote",
    "pk": 244,
    "fields": {
        "poll": 1,
        "option": 16,
        "user": [
            "user2@domain.com"
        ]
    }
},
{
    "model": "polls.vote",
    "pk": 245,
    "fields": {
        "poll": 1,
        "option": 8,
        "user": [
            "user2@domain.com"
        ]
    }
},
{
    "model": "polls.vote",
    "pk": 246,
    "fields": {
        "poll": 2,
        "option": 5,
        "user": [
            "user2@domain.com"
        ]
    }
},
{
    "model": "polls.vote",
    "pk": 247,
    "fields": {
        "poll": 2,
        "option": 4,
        "user": [
            "user2@domain.com"
        ]
    }
},
{
    "model": "polls.vote",
    "pk": 248,
    "fields": {
        "poll": 1,
        "option": 9,
        "user": [
            "user2@domain.com"
        ]
    }
},
{
    "model": "tickets.post",
    "pk": 1,
    "fields": {
        "ticket": 1,
        "comment": "<p>B1D</p>",
        "user": [
            "admin@domain.com"
        ],
        "created_at": "2018-09-14T06:01:59.436Z"
    }
},
{
    "model": "tickets.post",
    "pk": 2,
    "fields": {
        "ticket": 2,
        "comment": "<p>B2D</p>",
        "user": [
            "admin@domain.com"
        ],
        "created_at": "2018-09-14T06:02:15.104Z"
    }
},
{
    "model": "tickets.post",
    "pk": 3,
    "fields": {
        "ticket": 3,
        "comment": "<p>B3D</p>",
        "user": [
            "admin@domain.com"
        ],
        "created_at": "2018-09-14T06:02:28.361Z"
    }
},
{
    "model": "tickets.post",
    "pk": 4,
    "fields": {
        "ticket": 4,
        "comment": "<p>Lorem ipsum dolor sit amet, consectetur adipiscing elit. Duis luctus orci et augue bibendum finibus. Mauris et consectetur nulla. Donec ut massa ut odio ultricies dignissim. Nulla volutpat ultricies quam, in feugiat felis rhoncus ut. Maecenas eleifend velit et nisi ornare molestie. Ut a turpis pharetra mi aliquet molestie eu ut nulla. Cras tristique at nisi sollicitudin commodo. Cras volutpat justo ac felis lacinia hendrerit vitae at est. Quisque aliquam convallis libero, quis ullamcorper enim mollis ac. Integer ut ultricies urna. Pellentesque lectus purus, varius vitae nisl ac, semper vulputate dui. Duis sit amet magna gravida nunc vestibulum rutrum quis ac tellus. Sed venenatis erat sapien, sed venenatis quam semper condimentum. Integer sed urna congue, auctor metus in, congue nisi. Vivamus viverra sem quis scelerisque convallis. Aenean congue orci eu laoreet tincidunt.</p>",
        "user": [
            "admin@domain.com"
        ],
        "created_at": "2018-09-14T06:03:43.620Z"
    }
},
{
    "model": "tickets.post",
    "pk": 5,
    "fields": {
        "ticket": 5,
        "comment": "<p>F2D</p>",
        "user": [
            "admin@domain.com"
        ],
        "created_at": "2018-09-14T06:04:01.206Z"
    }
},
{
    "model": "tickets.post",
    "pk": 6,
    "fields": {
        "ticket": 6,
        "comment": "<p>F3D</p>",
        "user": [
            "user2@domain.com"
        ],
        "created_at": "2018-09-14T17:43:52.492Z"
    }
},
{
    "model": "tickets.post",
    "pk": 7,
    "fields": {
        "ticket": 7,
        "comment": "<p>F4D</p>",
        "user": [
            "user2@domain.com"
        ],
        "created_at": "2018-09-14T17:44:07.982Z"
    }
},
{
    "model": "tickets.post",
    "pk": 8,
    "fields": {
        "ticket": 6,
        "comment": "<p>I was F2 also!</p>",
        "user": [
            "user2@domain.com"
        ],
        "created_at": "2018-09-14T17:44:48.333Z"
    }
},
{
    "model": "tickets.post",
    "pk": 9,
    "fields": {
        "ticket": 8,
        "comment": "<p>B4D</p>",
        "user": [
            "user2@domain.com"
        ],
        "created_at": "2018-09-14T17:47:45.838Z"
    }
},
{
    "model": "tickets.post",
    "pk": 10,
    "fields": {
        "ticket": 4,
        "comment": "<pre>Nullam quis placerat ligula. Nulla purus felis, efficitur non fringilla vitae, volutpat vel magna. Phasellus egestas turpis id condimentum maximus. Phasellus ante nibh, tincidunt vel malesuada quis, pharetra vitae nulla. Mauris vitae congue est. Cras tempus ipsum eleifend, faucibus neque eget, bibendum nulla. Ut convallis mi eget dui consequat, at sodales augue blandit. Mauris et metus nunc. Vestibulum hendrerit iaculis tortor, et varius magna auctor a. Nunc auctor arcu vel metus ultrices varius. Aliquam scelerisque ac purus sed efficitur. Cras sem nunc, rhoncus sit amet euismod sit amet, placerat at libero. Sed ornare enim fringilla, ultrices ante et, lacinia ipsum. Sed porttitor ipsum eu ultricies vehicula.</pre>",
        "user": [
            "admin@domain.com"
        ],
        "created_at": "2018-09-14T18:25:34.809Z"
    }
},
{
    "model": "tickets.post",
    "pk": 11,
    "fields": {
        "ticket": 4,
        "comment": "<p>Pellentesque ac commodo arcu. Nullam purus ante, fermentum ut nulla eget, mattis tincidunt erat. Pellentesque habitant morbi tristique senectus et netus et malesuada fames ac turpis egestas. Vestibulum egestas eget massa nec suscipit. Sed posuere posuere ante, ut sodales nisi viverra sit amet. Vestibulum eu lobortis est, sed posuere quam. Pellentesque placerat ac sem interdum porta. Morbi rutrum mattis vestibulum. Aliquam a ullamcorper turpis. Proin id dolor turpis. Donec consequat eros suscipit nisi vulputate pharetra. Curabitur ut nunc sed purus gravida ornare hendrerit vel mi. Vivamus viverra efficitur viverra. Praesent at condimentum justo.</p>\r\n<p>In justo lectus, consequat dictum nisl id, tincidunt mollis lacus. Pellentesque sapien erat, lobortis nec aliquet vel, ornare eu justo. Donec diam nisl, finibus et suscipit eget, blandit id urna. Quisque vestibulum, mauris nec malesuada viverra, erat dui interdum eros, non molestie quam massa in felis. Ut at pellentesque urna, eu rhoncus nibh. Proin sed posuere velit. Curabitur ac felis sit amet eros vulputate posuere ut in risus. Donec a commodo lorem. Suspendisse pretium euismod ullamcorper. Ut diam turpis, efficitur non congue pellentesque, tristique et magna. Donec sed mi arcu. Phasellus viverra, arcu vel facilisis tristique, nisi nulla maximus mauris, at dictum nunc lacus vitae sapien. Duis eget cursus dolor. Integer ut eleifend massa. Proin tincidunt eget nulla sit amet finibus. Quisque eleifend augue quis tristique eleifend.</p>",
        "user": [
            "admin@domain.com"
        ],
        "created_at": "2018-09-14T18:31:14.238Z"
    }
},
{
    "model": "tickets.post",
    "pk": 12,
    "fields": {
        "ticket": 8,
        "comment": "<p>In justo lectus, consequat dictum nisl id, tincidunt mollis lacus. Pellentesque sapien erat, lobortis nec aliquet vel, ornare eu justo. Donec diam nisl, finibus et suscipit eget, blandit id urna. Quisque vestibulum, mauris nec malesuada viverra, erat dui interdum eros, non molestie quam massa in felis. Ut at pellentesque urna, eu rhoncus nibh. Proin sed posuere velit. Curabitur ac felis sit amet eros vulputate posuere ut in risus. Donec a commodo lorem. Suspendisse pretium euismod ullamcorper. Ut diam turpis, efficitur non congue pellentesque, tristique et magna. Donec sed mi arcu. Phasellus viverra, arcu vel facilisis tristique, nisi nulla maximus mauris, at dictum nunc lacus vitae sapien. Duis eget cursus dolor. Integer ut eleifend massa. Proin tincidunt eget nulla sit amet finibus. Quisque eleifend augue quis tristique eleifend.</p>",
        "user": [
            "admin@domain.com"
        ],
        "created_at": "2018-09-14T18:43:50.769Z"
    }
},
{
    "model": "tickets.post",
    "pk": 13,
    "fields": {
        "ticket": 1,
        "comment": "<p>Adding a new post!</p>",
        "user": [
            "admin@domain.com"
        ],
        "created_at": "2018-09-14T20:55:54.682Z"
    }
},
{
    "model": "tickets.post",
    "pk": 14,
    "fields": {
        "ticket": 1,
        "comment": "<p>Working on the bug</p>",
        "user": [
            "admin@domain.com"
        ],
        "created_at": "2018-09-14T22:38:39.086Z"
    }
},
{
    "model": "tickets.post",
    "pk": 15,
    "fields": {
        "ticket": 1,
        "comment": "<p>Bug is now squashed! Permanently!</p>",
        "user": [
            "admin@domain.com"
        ],
        "created_at": "2018-09-14T23:23:13.848Z"
    }
},
{
    "model": "tickets.post",
    "pk": 16,
    "fields": {
        "ticket": 1,
        "comment": "<p>Closing the bug</p>",
        "user": [
            "admin@domain.com"
        ],
        "created_at": "2018-09-15T00:20:27.222Z"
    }
},
{
    "model": "tickets.post",
    "pk": 18,
    "fields": {
        "ticket": 2,
        "comment": "<p>Just hit this bug too.</p>",
        "user": [
            "user1@domain.com"
        ],
        "created_at": "2018-09-15T04:33:30.539Z"
    }
},
{
    "model": "tickets.post",
    "pk": 19,
    "fields": {
        "ticket": 9,
        "comment": "<p>Duis placerat massa et nulla porta dapibus. Sed congue felis orci, a venenatis odio feugiat non. Mauris eu nisl in nisi varius posuere. Orci varius natoque penatibus et magnis dis parturient montes, nascetur ridiculus mus. Donec scelerisque, justo ac malesuada aliquam, tortor sem suscipit ante, vitae cursus sem est nec ipsum. Proin tristique arcu turpis, sed faucibus diam sagittis sed. Aliquam eu odio vehicula diam ornare sodales sed quis turpis.</p>",
        "user": [
            "user1@domain.com"
        ],
        "created_at": "2018-09-15T04:39:38.532Z"
    }
},
{
    "model": "tickets.post",
    "pk": 20,
    "fields": {
        "ticket": 7,
        "comment": "<p>Money sent.&nbsp; Let's get this feature done! Good luck...</p>",
        "user": [
            "user1@domain.com"
        ],
        "created_at": "2018-09-15T16:17:03.328Z"
    }
},
{
    "model": "tickets.post",
    "pk": 21,
    "fields": {
        "ticket": 8,
        "comment": "<p>Engineer has been assigned to this</p>",
        "user": [
            "admin@domain.com"
        ],
        "created_at": "2018-09-15T16:19:03.435Z"
    }
},
{
    "model": "tickets.post",
    "pk": 22,
    "fields": {
        "ticket": 2,
        "comment": "<p>Working on it</p>",
        "user": [
            "admin@domain.com"
        ],
        "created_at": "2018-09-16T23:54:28.183Z"
    }
},
{
    "model": "tickets.post",
    "pk": 23,
    "fields": {
        "ticket": 10,
        "comment": "<p>B6D</p>",
        "user": [
            "user2@domain.com"
        ],
        "created_at": "2018-09-18T07:24:52.032Z"
    }
},
{
    "model": "tickets.post",
    "pk": 25,
    "fields": {
        "ticket": 11,
        "comment": "<p>boomshakalaka</p>",
        "user": [
            "fahd.r.khan@gmail.com"
        ],
        "created_at": "2018-09-19T03:00:04.084Z"
    }
},
{
    "model": "tickets.post",
    "pk": 26,
    "fields": {
        "ticket": 12,
        "comment": "<p>cool</p>",
        "user": [
            "fahd.r.khan@gmail.com"
        ],
        "created_at": "2018-09-19T03:02:25.183Z"
    }
},
{
    "model": "tickets.post",
    "pk": 27,
    "fields": {
        "ticket": 12,
        "comment": "<p>yay mucho coolness</p>",
        "user": [
            "fahd.r.khan@gmail.com"
        ],
        "created_at": "2018-09-19T03:06:03.254Z"
    }
},
{
    "model": "tickets.post",
    "pk": 28,
    "fields": {
        "ticket": 13,
        "comment": "<p>Yeah, I'm hitting this one too.</p>",
        "user": [
            "user16@domain.com"
        ],
        "created_at": "2018-09-19T05:12:48.819Z"
    }
},
{
    "model": "tickets.post",
    "pk": 29,
    "fields": {
        "ticket": 14,
        "comment": "<p>I just hit this bug.&nbsp; Please fix!</p>",
        "user": [
            "user1@domain.com"
        ],
        "created_at": "2018-09-19T06:19:22.451Z"
    }
},
{
    "model": "tickets.post",
    "pk": 30,
    "fields": {
        "ticket": 14,
        "comment": "<p>Bug has been assigned to a developer.</p>",
        "user": [
            "admin@domain.com"
        ],
        "created_at": "2018-09-19T06:23:13.914Z"
    }
},
{
    "model": "tickets.post",
    "pk": 31,
    "fields": {
        "ticket": 15,
        "comment": "<p>Adding a new post to this ticket.</p>",
        "user": [
            "user15@domain.com"
        ],
        "created_at": "2018-09-19T07:09:54.258Z"
    }
},
{
    "model": "tickets.post",
    "pk": 32,
    "fields": {
        "ticket": 3,
        "comment": "<p>Bug has been closed</p>",
        "user": [
            "admin@domain.com"
        ],
        "created_at": "2018-09-21T16:52:57.904Z"
    }
},
{
    "model": "tickets.post",
    "pk": 34,
    "fields": {
        "ticket": 6,
        "comment": "<p>Assigning this to a developer.</p>",
        "user": [
            "admin@domain.com"
        ],
        "created_at": "2018-09-25T14:48:21.661Z"
    }
},
{
    "model": "tickets.post",
    "pk": 35,
    "fields": {
        "ticket": 17,
        "comment": "<p>Need $5000 to get this feature implemented</p>",
        "user": [
            "admin@domain.com"
        ],
        "created_at": "2018-09-26T19:47:54.662Z"
    }
},
{
    "model": "tickets.ticket",
    "pk": 1,
    "fields": {
        "name": "B1",
        "user": [
            "admin@domain.com"
        ],
        "subject": 1,
        "created_at": "2018-09-14T06:01:59.435Z",
        "status": "CLOSED",
        "description": "<p>B1 description</p>",
        "donation_goal": "0.00",
        "total_donations": "0.00"
    }
},
{
    "model": "tickets.ticket",
    "pk": 2,
    "fields": {
        "name": "B2",
        "user": [
            "admin@domain.com"
        ],
        "subject": 1,
        "created_at": "2018-09-14T06:02:15.104Z",
        "status": "IN PROGRESS",
        "description": "",
        "donation_goal": "0.00",
        "total_donations": "0.00"
    }
},
{
    "model": "tickets.ticket",
    "pk": 3,
    "fields": {
        "name": "B3",
        "user": [
            "admin@domain.com"
        ],
        "subject": 1,
        "created_at": "2018-09-14T06:02:28.361Z",
        "status": "CLOSED",
        "description": "",
        "donation_goal": "0.00",
        "total_donations": "0.00"
    }
},
{
    "model": "tickets.ticket",
    "pk": 4,
    "fields": {
        "name": "F1 Updated",
        "user": [
            "admin@domain.com"
        ],
        "subject": 2,
        "created_at": "2018-09-14T06:03:43.620Z",
        "status": "IN PROGRESS",
        "description": "<p>Adding a description to F1</p>",
        "donation_goal": "1500.00",
        "total_donations": "1010.00"
    }
},
{
    "model": "tickets.ticket",
    "pk": 5,
    "fields": {
        "name": "F2",
        "user": [
            "admin@domain.com"
        ],
        "subject": 2,
        "created_at": "2018-09-14T06:04:01.205Z",
        "status": "CREATED",
        "description": "<p>Blah blah for F2</p>",
        "donation_goal": "500.00",
        "total_donations": "10.00"
    }
},
{
    "model": "tickets.ticket",
    "pk": 6,
    "fields": {
        "name": "F3",
        "user": [
            "user2@domain.com"
        ],
        "subject": 2,
        "created_at": "2018-09-14T17:43:52.490Z",
        "status": "ASSIGNED",
        "description": "<p>Description for F3</p>",
        "donation_goal": "500.00",
        "total_donations": "100.00"
    }
},
{
    "model": "tickets.ticket",
    "pk": 7,
    "fields": {
        "name": "F4",
        "user": [
            "user2@domain.com"
        ],
        "subject": 2,
        "created_at": "2018-09-14T17:44:07.981Z",
        "status": "CREATED",
        "description": "<p>Description for F4</p>",
        "donation_goal": "700.00",
        "total_donations": "0.00"
    }
},
{
    "model": "tickets.ticket",
    "pk": 8,
    "fields": {
        "name": "B4",
        "user": [
            "user2@domain.com"
        ],
        "subject": 1,
        "created_at": "2018-09-14T17:47:45.837Z",
        "status": "ASSIGNED",
        "description": "",
        "donation_goal": "0.00",
        "total_donations": "0.00"
    }
},
{
    "model": "tickets.ticket",
    "pk": 9,
    "fields": {
        "name": "B5",
        "user": [
            "user1@domain.com"
        ],
        "subject": 1,
        "created_at": "2018-09-15T04:39:38.532Z",
        "status": "CREATED",
        "description": "",
        "donation_goal": "0.00",
        "total_donations": "0.00"
    }
},
{
    "model": "tickets.ticket",
    "pk": 10,
    "fields": {
        "name": "B6",
        "user": [
            "user2@domain.com"
        ],
        "subject": 1,
        "created_at": "2018-09-18T07:24:52.031Z",
        "status": "CREATED",
        "description": "",
        "donation_goal": "0.00",
        "total_donations": "0.00"
    }
},
{
    "model": "tickets.ticket",
    "pk": 11,
    "fields": {
        "name": "House on fire",
        "user": [
            "fahd.r.khan@gmail.com"
        ],
        "subject": 1,
        "created_at": "2018-09-19T02:49:27.098Z",
        "status": "CREATED",
        "description": "",
        "donation_goal": "0.00",
        "total_donations": "0.00"
    }
},
{
    "model": "tickets.ticket",
    "pk": 12,
    "fields": {
        "name": "lets build something",
        "user": [
            "fahd.r.khan@gmail.com"
        ],
        "subject": 2,
        "created_at": "2018-09-19T03:02:25.183Z",
        "status": "CREATED",
        "description": "",
        "donation_goal": "50.00",
        "total_donations": "0.00"
    }
},
{
    "model": "tickets.ticket",
    "pk": 13,
    "fields": {
        "name": "Bug 7",
        "user": [
            "user16@domain.com"
        ],
        "subject": 1,
        "created_at": "2018-09-19T04:47:42.095Z",
        "status": "CREATED",
        "description": "<p>UI experiencing slowdowns.</p>",
        "donation_goal": "0.00",
        "total_donations": "0.00"
    }
},
{
    "model": "tickets.ticket",
    "pk": 14,
    "fields": {
        "name": "Bug 8",
        "user": [
            "user1@domain.com"
        ],
        "subject": 1,
        "created_at": "2018-09-19T06:16:56.561Z",
        "status": "ASSIGNED",
        "description": "<p>Found a new bug in the profile page.</p>",
        "donation_goal": "0.00",
        "total_donations": "0.00"
    }
},
{
    "model": "tickets.ticket",
    "pk": 15,
    "fields": {
        "name": "Feature 6",
        "user": [
            "user15@domain.com"
        ],
        "subject": 2,
        "created_at": "2018-09-19T07:09:05.407Z",
        "status": "CREATED",
        "description": "<p>Would be awesome to have this feature!</p>",
        "donation_goal": "500.00",
        "total_donations": "500.00"
    }
},
{
    "model": "tickets.ticket",
    "pk": 16,
    "fields": {
        "name": "Bug 9",
        "user": [
            "user15@domain.com"
        ],
        "subject": 1,
        "created_at": "2018-09-19T19:01:50.241Z",
        "status": "CREATED",
        "description": "<p>Found a new bug in the credit card.</p>",
        "donation_goal": "0.00",
        "total_donations": "0.00"
    }
},
{
    "model": "tickets.ticket",
    "pk": 17,
    "fields": {
        "name": "Feature 11",
        "user": [
            "admin@domain.com"
        ],
        "subject": 2,
        "created_at": "2018-09-25T03:42:44.616Z",
        "status": "CREATED",
        "description": "<p>Add a new feature</p>",
        "donation_goal": "5000.00",
        "total_donations": "100.00"
    }
},
{
    "model": "admin.logentry",
    "pk": 1,
    "fields": {
        "action_time": "2018-09-14T06:01:38.297Z",
        "user": [
            "admin@domain.com"
        ],
        "content_type": [
            "tickets",
            "subject"
        ],
        "object_id": "1",
        "object_repr": "Subject object (1)",
        "action_flag": 1,
        "change_message": "[{\"added\": {}}]"
    }
},
{
    "model": "admin.logentry",
    "pk": 2,
    "fields": {
        "action_time": "2018-09-14T06:03:28.966Z",
        "user": [
            "admin@domain.com"
        ],
        "content_type": [
            "tickets",
            "subject"
        ],
        "object_id": "2",
        "object_repr": "Subject object (2)",
        "action_flag": 1,
        "change_message": "[{\"added\": {}}]"
    }
}
]
